timestamp,model,params,dataset,precision,recall,f1,peirce_skill,rmse,mae
2026-09-07 22:52,Persistence,None,Basel_Tier1,0.837,0.837,0.837,0.768,2.352,1.799
2026-09-09 05:07,Persistence,None,Basel_Tier1,0.842,0.842,0.842,0.771,2.428,1.865
2026-09-09 05:07,PhysicalThreshold,"['temp_min', 'dew_point_depression_c', 'cloud_cover']",Basel_Tier1,0.858,0.846,0.852,0.783,2.354,1.813
2026-09-09 05:07,LogisticRegression_ClassWeighted,"['temp_min', 'dew_point_depression_c', 'cloud_cover']",Basel_Tier1,0.812,0.947,0.874,0.848,,
2026-09-18 08:37,Persistence,None,4City_Tier1,0.836,0.832,0.834,0.769,2.763,2.107
2026-09-18 08:38,RandomForest,"34 features, default params",4City_Tier1,0.878,0.835,0.856,0.79,2.175,1.715
2026-09-18 08:38,XGBoost,"34 features, default params",4City_Tier1,0.887,0.846,0.866,0.805,2.129,1.681
2026-09-18 08:38,LightGBM,"34 features, default params",4City_Tier1,0.885,0.846,0.865,0.804,2.136,1.68
2026-09-18 08:38,CatBoost,"34 features, default params",4City_Tier1,0.882,0.851,0.866,0.807,2.158,1.713
